name,born,died,geography,picture,wikipedia_url,non_person
Rabindranath Tagore,1861,1941,India,https://upload.wikimedia.org/wikipedia/commons/thumb/8/80/Rabindranath_Tagore_unknown_location.jpg/220px-Rabindranath_Tagore_unknown_location.jpg,https://en.wikipedia.org/wiki/Rabindranath_Tagore,
Albert Einstein,1879,1955,Germany,https://upload.wikimedia.org/wikipedia/commons/thumb/3/3e/Einstein_1921_by_F_Schmutzer_-_restoration.jpg/220px-Einstein_1921_by_F_Schmutzer_-_restoration.jpg,https://en.wikipedia.org/wiki/Albert_Einstein,
Ishwar Chandra Vidyasagar,1820,1891,India,https://upload.wikimedia.org/wikipedia/commons/thumb/8/8d/Ishwar_Chandra_Vidyasagar.jpg/220px-Ishwar_Chandra_Vidyasagar.jpg,https://en.wikipedia.org/wiki/Ishwar_Chandra_Vidyasagar,
Swami Vivekananda,1863,1902,India,https://upload.wikimedia.org/wikipedia/commons/thumb/0/0b/Swami_Vivekananda-1893-09-signed.jpg/220px-Swami_Vivekananda-1893-09-signed.jpg,https://en.wikipedia.org/wiki/Swami_Vivekananda,
Manna Dey,1919,,India,https://upload.wikimedia.org/wikipedia/commons/thumb/7/79/Manna-dey.jpg/230px-Manna-dey.jpg,https://en.wikipedia.org/wiki/Manna_Dey,
Sukumar Ray,1887,1923,India,https://upload.wikimedia.org/wikipedia/commons/thumb/a/a4/Sukumar_Ray.jpg/240px-Sukumar_Ray.jpg,https://en.wikipedia.org/wiki/Sukumar_Ray,
Jesus Christ,-5,30,Israel,https://www.biographyonline.net/images/150/jesus-christ.jpg,https://en.wikipedia.org/wiki/Jesus,
Paul the Apostle,5,67,Israel,https://upload.wikimedia.org/wikipedia/commons/thumb/e/ee/Bartolomeo_Montagna_-_Saint_Paul_-_Google_Art_Project.jpg/220px-Bartolomeo_Montagna_-_Saint_Paul_-_Google_Art_Project.jpg,https://en.wikipedia.org/wiki/Paul_the_Apostle,
Constantine the Great,272,337,Italy,https://upload.wikimedia.org/wikipedia/commons/thumb/c/ce/Rome-Capitole-StatueConstantin.jpg/220px-Rome-Capitole-StatueConstantin.jpg,https://en.wikipedia.org/wiki/Constantine_the_Great,
Muhammad,570,632,Saudi Arabia,https://upload.wikimedia.org/wikipedia/commons/thumb/e/e4/Dark_vignette_Al-Masjid_AL-Nabawi_Door800x600x300.jpg/220px-Dark_vignette_Al-Masjid_AL-Nabawi_Door800x600x300.jpg,https://en.wikipedia.org/wiki/Muhammad,
Charlemagne,742,814,Italy,https://www.biographyonline.net/images/150/Charlemagne.jpg,https://en.wikipedia.org/wiki/Charlemagne,
Genghis Khan,1162,1227,Mongolia,https://upload.wikimedia.org/wikipedia/commons/thumb/6/6d/Genghis_khan.jpg/220px-Genghis_khan.jpg,https://en.wikipedia.org/wiki/Genghis_Khan,
Saladin,1138,1193,Iraq,https://www.biographyonline.net/images/150/saladin1.jpg,https://en.wikipedia.org/wiki/Saladin,
Marco Polo,1254,1324,Italy,https://www.biographyonline.net/images/150/marco-polo.jpg,https://en.wikipedia.org/wiki/Marco_Polo,
Johannes Gutenberg,1395,1468,Germany,https://upload.wikimedia.org/wikipedia/commons/thumb/3/33/Gutenberg.jpg/220px-Gutenberg.jpg,https://en.wikipedia.org/wiki/Johannes_Gutenberg,
Joan of Arc,1412,1431,France,https://upload.wikimedia.org/wikipedia/commons/thumb/c/c3/Joan_of_Arc_miniature_graded.jpg/200px-Joan_of_Arc_miniature_graded.jpg,https://en.wikipedia.org/wiki/Joan_of_Arc,
Christopher Columbus,1451,1506,Italy,https://upload.wikimedia.org/wikipedia/commons/thumb/c/c2/Portrait_of_a_Man%2C_Said_to_be_Christopher_Columbus.jpg/220px-Portrait_of_a_Man%2C_Said_to_be_Christopher_Columbus.jpg,https://en.wikipedia.org/wiki/Christopher_Columbus,
Leonardo da Vinci,1452,1519,Italy,https://www.biographyonline.net/wp-content/uploads/2014/05/leonardo-da-vinci2.jpg,https://en.wikipedia.org/wiki/Leonardo_da_Vinci,
Guru Nanak,1469,1539,India,https://www.biographyonline.net/images/150/Babur.jpg,https://en.wikipedia.org/wiki/Guru_Nanak,
Martin Luther,1483,1546,Germany,https://upload.wikimedia.org/wikipedia/commons/thumb/9/9a/Martin_Luther_by_Cranach-restoration.tif/lossy-page1-220px-Martin_Luther_by_Cranach-restoration.tif.jpg,https://en.wikipedia.org/wiki/Martin_Luther,
Babur,1483,1531,India,https://www.biographyonline.net/wp-content/uploads/2014/05/babur.jpg,https://en.wikipedia.org/wiki/Babur,
Akbar,1542,1605,India,https://www.biographyonline.net/wp-content/uploads/2014/05/akbar-the-great-1502.jpg,https://en.wikipedia.org/wiki/Akbar,
Walter Raleigh,1552,1618,England,https://upload.wikimedia.org/wikipedia/commons/thumb/f/f2/Sir_Walter_Ralegh_by_%27H%27_monogrammist.jpg/220px-Sir_Walter_Ralegh_by_%27H%27_monogrammist.jpg,https://en.wikipedia.org/wiki/Walter_Raleigh,
Galileo Galilei,1564,1642,Italy,https://upload.wikimedia.org/wikipedia/commons/thumb/d/d4/Justus_Sustermans_-_Portrait_of_Galileo_Galilei%2C_1636.jpg/220px-Justus_Sustermans_-_Portrait_of_Galileo_Galilei%2C_1636.jpg,https://en.wikipedia.org/wiki/Galileo_Galilei,
William Shakespeare,1564,1616,England,https://upload.wikimedia.org/wikipedia/commons/thumb/a/a2/Shakespeare.jpg/220px-Shakespeare.jpg,https://en.wikipedia.org/wiki/William_Shakespeare,
René Descartes,1596,1650,France,https://upload.wikimedia.org/wikipedia/commons/thumb/7/73/Frans_Hals_-_Portret_van_Ren%C3%A9_Descartes.jpg/220px-Frans_Hals_-_Portret_van_Ren%C3%A9_Descartes.jpg,https://en.wikipedia.org/wiki/Ren%C3%A9_Descartes,
Voltaire,1694,1778,France,https://www.biographyonline.net/wp-content/uploads/2014/05/Voltaire2.jpg,https://en.wikipedia.org/wiki/Voltaire,
Isaac Newton,1642,1727,England,https://upload.wikimedia.org/wikipedia/commons/thumb/3/39/GodfreyKneller-IsaacNewton-1689.jpg/220px-GodfreyKneller-IsaacNewton-1689.jpg,https://en.wikipedia.org/wiki/Isaac_Newton,
George Washington,1732,1799,USA,https://upload.wikimedia.org/wikipedia/commons/thumb/b/b6/Gilbert_Stuart_Williamstown_Portrait_of_George_Washington.jpg/220px-Gilbert_Stuart_Williamstown_Portrait_of_George_Washington.jpg,https://en.wikipedia.org/wiki/George_Washington,
Wolfgang Amadeus Mozart,1756,1791,Austria,https://upload.wikimedia.org/wikipedia/commons/thumb/4/47/Croce-Mozart-Detail.jpg/250px-Croce-Mozart-Detail.jpg,https://en.wikipedia.org/wiki/Wolfgang_Amadeus_Mozart,
Napoléon Bonaparte,1769,1821,France,https://www.biographyonline.net/images/150/Napoleon.jpg,https://en.wikipedia.org/wiki/Napoleon,
Simón Bolívar,1783,1830,Venezuela,https://upload.wikimedia.org/wikipedia/commons/thumb/1/16/Simon_Bolivar.jpg/220px-Simon_Bolivar.jpg,https://en.wikipedia.org/wiki/Sim%C3%B3n_Bol%C3%ADvar,
Abraham Lincoln,1809,1865,USA,https://upload.wikimedia.org/wikipedia/commons/thumb/a/ab/Abraham_Lincoln_O-77_matte_collodion_print.jpg/220px-Abraham_Lincoln_O-77_matte_collodion_print.jpg,https://en.wikipedia.org/wiki/Abraham_Lincoln,
Charles Darwin,1809,1882,England,https://www.biographyonline.net/wp-content/uploads/2014/05/charles-darwin2.jpg,https://en.wikipedia.org/wiki/Charles_Darwin,
Karl Marx,1818,1883,Germany,https://upload.wikimedia.org/wikipedia/commons/thumb/d/d4/Karl_Marx_001.jpg/220px-Karl_Marx_001.jpg,https://en.wikipedia.org/wiki/Karl_Marx,
Queen Victoria,1819,1901,England,https://upload.wikimedia.org/wikipedia/commons/thumb/e/e3/Queen_Victoria_by_Bassano.jpg/220px-Queen_Victoria_by_Bassano.jpg,https://en.wikipedia.org/wiki/Queen_Victoria,
Louis Pasteur,1822,1895,France,https://upload.wikimedia.org/wikipedia/commons/thumb/9/96/Louis_Pasteur%2C_foto_av_F%C3%A9lix_Nadar_Crisco_edit.jpg/220px-Louis_Pasteur%2C_foto_av_F%C3%A9lix_Nadar_Crisco_edit.jpg,https://en.wikipedia.org/wiki/Louis_Pasteur,
Leo Tolstoy,1828,1910,Russia,https://upload.wikimedia.org/wikipedia/commons/thumb/c/c6/L.N.Tolstoy_Prokudin-Gorsky.jpg/220px-L.N.Tolstoy_Prokudin-Gorsky.jpg,https://en.wikipedia.org/wiki/Leo_Tolstoy,
Thomas Edison,1847,1931,USA,https://upload.wikimedia.org/wikipedia/commons/thumb/9/9d/Thomas_Edison2.jpg/220px-Thomas_Edison2.jpg,https://en.wikipedia.org/wiki/Thomas_Edison,
Oscar Wilde,1854,1900,Ireland,https://www.biographyonline.net/wp-content/uploads/2014/05/oscar_wilde2.jpg,https://en.wikipedia.org/wiki/Oscar_Wilde,
Woodrow Wilson,1856,1924,USA,https://upload.wikimedia.org/wikipedia/commons/thumb/1/15/President_Wilson_1919-bw.tif/lossless-page1-220px-President_Wilson_1919-bw.tif.png,https://en.wikipedia.org/wiki/Woodrow_Wilson,
Mahatma Gandhi,1869,1948,India,https://upload.wikimedia.org/wikipedia/commons/thumb/d/d1/Portrait_Gandhi.jpg/220px-Portrait_Gandhi.jpg,https://en.wikipedia.org/wiki/Mahatma_Gandhi,
Adolf Hitler,1889,1945,Germany,https://upload.wikimedia.org/wikipedia/commons/thumb/e/e1/Hitler_portrait_crop.jpg/220px-Hitler_portrait_crop.jpg,https://en.wikipedia.org/wiki/Adolf_Hitler,
Mao Zedong,1893,1976,China,https://upload.wikimedia.org/wikipedia/commons/thumb/b/b9/Mao_Tse-tung_-_panoramio.jpg/220px-Mao_Tse-tung_-_panoramio.jpg,https://en.wikipedia.org/wiki/Mao_Zedong,
Nelson Mandela,1918,2013,South Africa,https://upload.wikimedia.org/wikipedia/commons/thumb/1/14/Nelson_Mandela-2008_%28edit%29.jpg/220px-Nelson_Mandela-2008_%28edit%29.jpg,https://en.wikipedia.org/wiki/Nelson_Mandela,
Giuseppe Mazzini,1805,1872,Italy,https://upload.wikimedia.org/wikipedia/commons/thumb/1/1a/Giuseppe_Mazzini.jpg/220px-Giuseppe_Mazzini.jpg,https://en.wikipedia.org/wiki/Giuseppe_Mazzini,
Giuseppe Garibaldi,1807,1882,Italy,https://upload.wikimedia.org/wikipedia/commons/thumb/3/3a/Giuseppe_Garibaldi_%281866%29.jpg/220px-Giuseppe_Garibaldi_%281866%29.jpg,https://en.wikipedia.org/wiki/Giuseppe_Garibaldi,
Camillo Benso - Count of Cavour,1810,1861,Italy,https://upload.wikimedia.org/wikipedia/commons/thumb/c/c2/Camillo_Benso_Cavour_di_Ciseri.jpg/220px-Camillo_Benso_Cavour_di_Ciseri.jpg,"https://en.wikipedia.org/wiki/Camillo_Benso,_Count_of_Cavour",
Otto von Bismarck,1815,1898,Germany,https://upload.wikimedia.org/wikipedia/commons/thumb/1/10/Bundesarchiv_Bild_146-2005-0057%2C_Otto_von_Bismarck.jpg/220px-Bundesarchiv_Bild_146-2005-0057%2C_Otto_von_Bismarck.jpg,https://en.wikipedia.org/wiki/Otto_von_Bismarck,
Kaiser Wilhelm II,1859,1941,Germany,https://upload.wikimedia.org/wikipedia/commons/thumb/6/6e/Kaiser_Wilhelm_II_of_Germany_-_1902.jpg/220px-Kaiser_Wilhelm_II_of_Germany_-_1902.jpg,https://en.wikipedia.org/wiki/Wilhelm_II,
Czar Nicholas II,1868,1918,Russia,https://upload.wikimedia.org/wikipedia/commons/thumb/6/6d/%D0%98%D0%BC%D0%BF%D0%B5%D1%80%D0%B0%D1%82%D0%BE%D1%80_%D0%9D%D0%B8%D0%BA%D0%BE%D0%BB%D0%B0%D0%B9_II.jpg/220px-%D0%98%D0%BC%D0%BF%D0%B5%D1%80%D0%B0%D1%82%D0%BE%D1%80_%D0%9D%D0%B8%D0%BA%D0%BE%D0%BB%D0%B0%D0%B9_II.jpg,https://en.wikipedia.org/wiki/Nicholas_II_of_Russia,
Grigori Rasputin,1869,1916,Russia,https://upload.wikimedia.org/wikipedia/commons/thumb/7/71/Rasputin_PA.jpg/220px-Rasputin_PA.jpg,https://en.wikipedia.org/wiki/Grigori_Rasputin,
Maxim Gorky,1868,1936,Russia,https://upload.wikimedia.org/wikipedia/commons/thumb/5/5e/Maxim_Gorky_LOC_Restored_edit1.jpg/220px-Maxim_Gorky_LOC_Restored_edit1.jpg,https://en.wikipedia.org/wiki/Maxim_Gorky,
Vladimir Lenin,1870,1924,Russia,https://upload.wikimedia.org/wikipedia/commons/thumb/c/c6/Bundesarchiv_Bild_183-71043-0003%2C_Wladimir_Iljitsch_Lenin.jpg/220px-Bundesarchiv_Bild_183-71043-0003%2C_Wladimir_Iljitsch_Lenin.jpg,https://en.wikipedia.org/wiki/Vladimir_Lenin,
Fyodor Dostoevsky,1821,1881,Russia,https://upload.wikimedia.org/wikipedia/commons/thumb/7/78/Vasily_Perov_-_%D0%9F%D0%BE%D1%80%D1%82%D1%80%D0%B5%D1%82_%D0%A4.%D0%9C.%D0%94%D0%BE%D1%81%D1%82%D0%BE%D0%B5%D0%B2%D1%81%D0%BA%D0%BE%D0%B3%D0%BE_-_Google_Art_Project.jpg/220px-Vasily_Perov_-_%D0%9F%D0%BE%D1%80%D1%82%D1%80%D0%B5%D1%82_%D0%A4.%D0%9C.%D0%94%D0%BE%D1%81%D1%82%D0%BE%D0%B5%D0%B2%D1%81%D0%BA%D0%BE%D0%B3%D0%BE_-_Google_Art_Project.jpg,https://en.wikipedia.org/wiki/Fyodor_Dostoevsky,
Ranjit Singh,1780,1839,India,https://upload.wikimedia.org/wikipedia/commons/thumb/a/a9/MaharajaRanjitSIngh_-_L_Massard.gif/220px-MaharajaRanjitSIngh_-_L_Massard.gif,https://en.wikipedia.org/wiki/Ranjit_Singh,
Dayananda Saraswati,1824,1883,India,https://upload.wikimedia.org/wikipedia/commons/thumb/e/ea/Dayananda_Saraswati.jpg/220px-Dayananda_Saraswati.jpg,https://en.wikipedia.org/wiki/Dayananda_Saraswati,
Ramakrishna,1836,1886,India,https://upload.wikimedia.org/wikipedia/commons/thumb/a/a1/Ramakrishna.jpg/220px-Ramakrishna.jpg,https://en.wikipedia.org/wiki/Ramakrishna,
Vasudev Balwant Phadke,1845,1883,India,https://upload.wikimedia.org/wikipedia/commons/thumb/8/80/VasudevBalwantPhadkebust.jpg/220px-VasudevBalwantPhadkebust.jpg,https://en.wikipedia.org/wiki/Vasudev_Balwant_Phadke,
Bal Gangadhar Tilak,1856,1920,India,https://upload.wikimedia.org/wikipedia/commons/thumb/5/58/Bal_G._Tilak.jpg/220px-Bal_G._Tilak.jpg,https://en.wikipedia.org/wiki/Bal_Gangadhar_Tilak,
Bipin Chandra Pal,1858,1932,India,https://upload.wikimedia.org/wikipedia/commons/a/a0/Bipin-Chandra-Pal.jpg,https://en.wikipedia.org/wiki/Bipin_Chandra_Pal,
Lala Lajpat Rai,1865,1928,India,https://upload.wikimedia.org/wikipedia/commons/5/59/Lala_lajpat_Rai.jpg,https://en.wikipedia.org/wiki/Lala_Lajpat_Rai,
Muhammad Ali Jinnah,1876,1948,India,https://upload.wikimedia.org/wikipedia/commons/thumb/c/cc/Jinnah1945c.jpg/220px-Jinnah1945c.jpg,https://en.wikipedia.org/wiki/Muhammad_Ali_Jinnah,
Vinayak Damodar Savarkar,1883,1966,India,https://upload.wikimedia.org/wikipedia/commons/thumb/5/53/Savarkar3xt.jpg/220px-Savarkar3xt.jpg,https://en.wikipedia.org/wiki/Vinayak_Damodar_Savarkar,
Jawaharlal Nehru,1889,1964,India,https://upload.wikimedia.org/wikipedia/commons/thumb/5/5f/Jnehru.jpg/220px-Jnehru.jpg,https://en.wikipedia.org/wiki/Jawaharlal_Nehru,
B. R. Ambedkar,1891,1956,India,https://upload.wikimedia.org/wikipedia/commons/thumb/c/c3/Dr._Bhimrao_Ambedkar.jpg/220px-Dr._Bhimrao_Ambedkar.jpg,https://en.wikipedia.org/wiki/B._R._Ambedkar,
Subhas Chandra Bose,1897,,India,https://upload.wikimedia.org/wikipedia/commons/thumb/7/7e/Netaji_Subhas_Chandra_Bose.jpg/220px-Netaji_Subhas_Chandra_Bose.jpg,https://en.wikipedia.org/wiki/Subhas_Chandra_Bose,
Ram Mohan Roy,1774,1833,India,https://upload.wikimedia.org/wikipedia/commons/thumb/5/50/Raja_Ram_Mohan_Roy.jpg/250px-Raja_Ram_Mohan_Roy.jpg,https://en.wikipedia.org/wiki/Ram_Mohan_Roy,
Dwarkanath Tagore,1794,1846,India,https://upload.wikimedia.org/wikipedia/commons/thumb/2/24/Dwarkanath_Tagore.jpg/200px-Dwarkanath_Tagore.jpg,https://en.wikipedia.org/wiki/Dwarkanath_Tagore,
Debendranath Tagore,1817,1905,India,https://upload.wikimedia.org/wikipedia/commons/thumb/3/3d/Debendranath_Tagore.jpg/220px-Debendranath_Tagore.jpg,https://en.wikipedia.org/wiki/Debendranath_Tagore,
Aurobindo Ghose,1872,1950,India,https://upload.wikimedia.org/wikipedia/commons/thumb/7/71/Sri_aurobindo.jpg/220px-Sri_aurobindo.jpg,https://en.wikipedia.org/wiki/Sri_Aurobindo,
Jagadish Chandra Bose,1858,1937,India,https://upload.wikimedia.org/wikipedia/commons/thumb/2/2e/Jagadish_Chandra_Bose_1926.jpg/330px-Jagadish_Chandra_Bose_1926.jpg,https://en.wikipedia.org/wiki/Jagadish_Chandra_Bose,
Chaitanya Mahaprabhu,1486,1534,India,https://upload.wikimedia.org/wikipedia/commons/thumb/4/46/Chaitanya-Mahabrabhu-at-Jagannath.jpg/330px-Chaitanya-Mahabrabhu-at-Jagannath.jpg,https://en.wikipedia.org/wiki/Chaitanya_Mahaprabhu,
Bankim Chandra Chatterjee,1838,1894,India,https://upload.wikimedia.org/wikipedia/commons/a/ac/Bankim_chandra_chatterjee.jpg,https://en.wikipedia.org/wiki/Bankim_Chandra_Chatterjee,
Michael Madhusudan Dutt,1824,1873,India,https://upload.wikimedia.org/wikipedia/commons/8/8f/Mudhusudan_Dutta.jpg,https://en.wikipedia.org/wiki/Michael_Madhusudan_Dutt,
Mahendralal Sarkar,1833,1904,India,https://upload.wikimedia.org/wikipedia/en/f/f6/Mahendralal_Sarkar..JPG,https://en.wikipedia.org/wiki/Mahendralal_Sarkar,
Chittaranjan Das,1869,1925,India,https://upload.wikimedia.org/wikipedia/commons/thumb/5/50/Portrait_of_Chittaranjan_Das.JPG/330px-Portrait_of_Chittaranjan_Das.JPG,https://en.wikipedia.org/wiki/Chittaranjan_Das,
Girish Chandra Ghosh,1844,1912,India,https://upload.wikimedia.org/wikipedia/en/c/cf/Girish_ghosh.JPG,https://en.wikipedia.org/wiki/Girish_Chandra_Ghosh,
Sivanath Sastri,1847,1919,India,https://upload.wikimedia.org/wikipedia/commons/thumb/e/e0/Sivanath_Sastri.jpg/450px-Sivanath_Sastri.jpg,https://en.wikipedia.org/wiki/Sivanath_Sastri,
Keshub Chandra Sen,1838,1884,India,https://upload.wikimedia.org/wikipedia/commons/thumb/3/39/Keshab_Chandra_Sen.png/330px-Keshab_Chandra_Sen.png,https://en.wikipedia.org/wiki/Keshub_Chandra_Sen,
Sister Nivedita,1867,1911,India,https://upload.wikimedia.org/wikipedia/commons/0/05/S%C5%93ur_Nivedita.jpg,https://en.wikipedia.org/wiki/Sister_Nivedita,
Michael Faraday,1791,1867,England,https://upload.wikimedia.org/wikipedia/commons/thumb/8/88/M_Faraday_Th_Phillips_oil_1842.jpg/330px-M_Faraday_Th_Phillips_oil_1842.jpg,https://en.wikipedia.org/wiki/Michael_Faraday,
Humphry Davy,1778,1829,England,https://upload.wikimedia.org/wikipedia/commons/thumb/8/8f/Sir_Humphry_Davy%2C_Bt_by_Thomas_Phillips.jpg/375px-Sir_Humphry_Davy%2C_Bt_by_Thomas_Phillips.jpg,https://en.wikipedia.org/wiki/Humphry_Davy,
Surya Sen,1894,1934,India,https://upload.wikimedia.org/wikipedia/commons/thumb/c/c9/Surya_Sen_before_1934.jpg/330px-Surya_Sen_before_1934.jpg,https://en.wikipedia.org/wiki/Surya_Sen,
Brahmabandhav Upadhyay,1861,1907,India,https://upload.wikimedia.org/wikipedia/commons/thumb/3/34/Brahmabandhab_Upadhyay.jpg/330px-Brahmabandhab_Upadhyay.jpg,https://en.wikipedia.org/wiki/Brahmabandhav_Upadhyay,
Khudiram Bose,1889,1908,India,https://upload.wikimedia.org/wikipedia/commons/thumb/3/3b/Khudiram_Bose_1905_cropped.jpg/330px-Khudiram_Bose_1905_cropped.jpg,https://en.wikipedia.org/wiki/Khudiram_Bose,
Prafulla Chaki,1888,1908,India,https://upload.wikimedia.org/wikipedia/commons/thumb/7/73/Prafulla_Chaki.jpg/330px-Prafulla_Chaki.jpg,https://en.wikipedia.org/wiki/Prafulla_Chaki,
Sachindra Nath Sanyal,1893,1942,India,,https://en.wikipedia.org/wiki/Sachindra_Nath_Sanyal,
Amitabh Bachchan,1942,,India,https://upload.wikimedia.org/wikipedia/commons/thumb/9/9e/Amitabh_Bachchan_December_2013.png/330px-Amitabh_Bachchan_December_2013.png,https://en.wikipedia.org/wiki/Amitabh_Bachchan,
Jatindra Nath Das,1904,1929,India,https://upload.wikimedia.org/wikipedia/commons/2/21/Jatin_Das_Indian_freedom_fighter.gif,https://en.wikipedia.org/wiki/Jatindra_Nath_Das,
Bhagat Singh,1907,1931,India,https://upload.wikimedia.org/wikipedia/commons/9/9b/Bhagat_Singh_1929_140x190.jpg,https://en.wikipedia.org/wiki/Bhagat_Singh,
Chandra Shekhar Azad,1906,1931,India,https://upload.wikimedia.org/wikipedia/commons/thumb/7/78/Chandrashekar_azad.bmp.jpg/220px-Chandrashekar_azad.bmp.jpg,https://en.wikipedia.org/wiki/Chandra_Shekhar_Azad,
Shivaram Rajguru,1908,1931,India,https://upload.wikimedia.org/wikipedia/commons/thumb/7/72/Statues_of_Bhagat_Singh%2C_Rajguru_and_Sukhdev.jpg/220px-Statues_of_Bhagat_Singh%2C_Rajguru_and_Sukhdev.jpg,https://en.wikipedia.org/wiki/Shivaram_Rajguru,
Sukhdev Thapar,1907,1931,India,https://upload.wikimedia.org/wikipedia/en/7/71/Sukhdev_Thapar.jpeg,https://en.wikipedia.org/wiki/Sukhdev_Thapar,
Lala Har Dayal,1884,1939,USA,https://upload.wikimedia.org/wikipedia/commons/thumb/7/73/Hardayal_from_%22Young_India%3B_an_interpretation_and_a_history_of_the_nationalist_movement_from_within%22_%281916%29_%2814781991012%29.jpg/220px-Hardayal_from_%22Young_India%3B_an_interpretation_and_a_history_of_the_nationalist_movement_from_within%22_%281916%29_%2814781991012%29.jpg,https://en.wikipedia.org/wiki/Har_Dayal,
Binoy Krishna Basu,1908,1930,India,https://upload.wikimedia.org/wikipedia/commons/thumb/c/cb/Benoy_Krishna_Basu.jpg/200px-Benoy_Krishna_Basu.jpg,https://en.wikipedia.org/wiki/Benoy_Basu,
Badal Gupta,1912,1930,India,https://upload.wikimedia.org/wikipedia/commons/3/39/Badal_gupta.jpg,https://en.wikipedia.org/wiki/Badal_Gupta,
Dinesh Gupta,1911,1931,India,https://upload.wikimedia.org/wikipedia/en/thumb/0/07/Dinesh_Gupta_1.jpg/200px-Dinesh_Gupta_1.jpg,https://en.wikipedia.org/wiki/Dinesh_Gupta,
Leon Trotsky,1879,1940,Russia,https://upload.wikimedia.org/wikipedia/commons/thumb/d/d0/Bundesarchiv_Bild_183-R15068%2C_Leo_Dawidowitsch_Trotzki.jpg/220px-Bundesarchiv_Bild_183-R15068%2C_Leo_Dawidowitsch_Trotzki.jpg,https://en.wikipedia.org/wiki/Leon_Trotsky,
Joseph Stalin,1878,1953,Russia,https://upload.wikimedia.org/wikipedia/commons/thumb/4/43/Stalin_Full_Image.jpg/220px-Stalin_Full_Image.jpg,https://en.wikipedia.org/wiki/Joseph_Stalin,
Ram Prasad Bismil,1897,1927,India,,https://en.wikipedia.org/wiki/Ram_Prasad_Bismil,
Ashfaqulla Khan,1900,1927,India,,https://en.wikipedia.org/wiki/Ashfaqulla_Khan,
Sarat Chandra Chattopadhyay,1876,1938,India,https://upload.wikimedia.org/wikipedia/commons/thumb/d/da/Sarat_Chandra_Chattopadhyay.jpg/220px-Sarat_Chandra_Chattopadhyay.jpg,https://en.wikipedia.org/wiki/Sarat_Chandra_Chattopadhyay,
Kazi Nazrul Islam,1899,1976,Bangladesh,https://upload.wikimedia.org/wikipedia/commons/thumb/a/a6/Nazrul.jpg/220px-Nazrul.jpg,https://en.wikipedia.org/wiki/Kazi_Nazrul_Islam,
Meghnad Saha,1893,1956,India,https://upload.wikimedia.org/wikipedia/commons/thumb/e/ef/Dr-Meghnad-Saha.jpg/220px-Dr-Meghnad-Saha.jpg,https://en.wikipedia.org/wiki/Meghnad_Saha,
Satyendra Nath Bose,1894,1974,India,https://upload.wikimedia.org/wikipedia/commons/thumb/f/fe/SatyenBose1925.jpg/220px-SatyenBose1925.jpg,https://en.wikipedia.org/wiki/Satyendra_Nath_Bose,
Bibhutibhushan Bandyopadhyay,1894,1950,India,https://upload.wikimedia.org/wikipedia/commons/thumb/f/f8/Bibhutibhushan_Bandopadhyay.jpg/200px-Bibhutibhushan_Bandopadhyay.jpg,https://en.wikipedia.org/wiki/Bibhutibhushan_Bandyopadhyay,
Satyajit Ray,1921,1992,India,https://upload.wikimedia.org/wikipedia/commons/thumb/1/14/Satyajit_Ray_in_New_York.jpg/220px-Satyajit_Ray_in_New_York.jpg,https://en.wikipedia.org/wiki/Satyajit_Ray,
Abhay Charan De,1896,1977,India,https://upload.wikimedia.org/wikipedia/commons/thumb/1/12/His_Divine_Grace_A.C._Bhaktivedanta_Swami_Srila_Prabhupada.jpg/220px-His_Divine_Grace_A.C._Bhaktivedanta_Swami_Srila_Prabhupada.jpg,https://en.wikipedia.org/wiki/A._C._Bhaktivedanta_Swami_Prabhupada,
Ramprasad Sen,1718,1775,India,https://upload.wikimedia.org/wikipedia/commons/thumb/d/d8/Ramaprasad_Sen.jpg/220px-Ramaprasad_Sen.jpg,https://en.wikipedia.org/wiki/Ramprasad_Sen,
Raja Krishnachandra Roy,1710,1783,India,,https://en.wikipedia.org/wiki/Krishnachandra_Roy,
Bharatchandra Ray Gunakor,1712,1760,India,https://upload.wikimedia.org/wikipedia/commons/thumb/a/a3/Memorial_of_Bharat_chandra.jpg/220px-Memorial_of_Bharat_chandra.jpg,https://en.wikipedia.org/wiki/Bharatchandra_Ray,
Siraj ud-Daulah,1733,1757,India,https://upload.wikimedia.org/wikipedia/commons/thumb/4/4a/Siraj_ud-Daulah.jpg/220px-Siraj_ud-Daulah.jpg,https://en.wikipedia.org/wiki/Siraj_ud-Daulah,
David Hare,1775,1842,India,https://upload.wikimedia.org/wikipedia/en/thumb/9/95/DavidHare.JPG/250px-DavidHare.JPG,https://en.wikipedia.org/wiki/David_Hare_(philanthropist),
Charles Freer Andrews,1871,1940,India,https://upload.wikimedia.org/wikipedia/commons/thumb/c/c7/C.F._Andrews%2C_Anglican_priest.JPG/240px-C.F._Andrews%2C_Anglican_priest.JPG,https://en.wikipedia.org/wiki/Charles_Freer_Andrews,
John Elliot Drinkwater Bethune,1801,1851,India,https://upload.wikimedia.org/wikipedia/commons/e/ea/John_Elliot_Drinkwater_Bethune_%282%29.jpg,https://en.wikipedia.org/wiki/John_Elliot_Drinkwater_Bethune,
Henry Louis Vivian Derozio,1809,1831,India,https://upload.wikimedia.org/wikipedia/commons/thumb/9/95/Henry_Louis_Vivian_Derozio_photo.jpg/100px-Henry_Louis_Vivian_Derozio_photo.jpg,https://en.wikipedia.org/wiki/Henry_Louis_Vivian_Derozio,
Alivardi Khan,1671,1756,India,https://upload.wikimedia.org/wikipedia/commons/thumb/d/d8/Portrait_of_Allahwerdi_Khan.jpg/220px-Portrait_of_Allahwerdi_Khan.jpg,https://en.wikipedia.org/wiki/Alivardi_Khan,
Murshid Quli Khan,1660,1727,India,https://upload.wikimedia.org/wikipedia/commons/thumb/6/6a/Murshid_Quli_Jafar_Khan.jpg/220px-Murshid_Quli_Jafar_Khan.jpg,https://en.wikipedia.org/wiki/Murshid_Quli_Khan,
Aurangzeb,1618,1707,India,https://upload.wikimedia.org/wikipedia/commons/thumb/c/cf/Aurangzeb_on_the_throne.png/220px-Aurangzeb_on_the_throne.png,https://en.wikipedia.org/wiki/Aurangzeb,
Shah Jahan,1592,1666,India,https://upload.wikimedia.org/wikipedia/commons/thumb/8/84/%27Jujhar_Singh_Bundela_Kneels_in_Submission_to_Shah_Jahan%27%2C_painted_by_Bichitr%2C_c._1630%2C_Chester_Beatty_Library.jpg/220px-%27Jujhar_Singh_Bundela_Kneels_in_Submission_to_Shah_Jahan%27%2C_painted_by_Bichitr%2C_c._1630%2C_Chester_Beatty_Library.jpg,https://en.wikipedia.org/wiki/Shah_Jahan,
Shivaji,1627,1680,India,https://upload.wikimedia.org/wikipedia/commons/thumb/c/c6/Emperor_of_Maratha_India.jpg/220px-Emperor_of_Maratha_India.jpg,https://en.wikipedia.org/wiki/Shivaji,
Jahangir,1569,1627,India,https://upload.wikimedia.org/wikipedia/commons/thumb/6/6a/Indian_-_Single_Leaf_of_a_Portrait_of_the_Emperor_Jahangir_-_Walters_W705_-_Detail.jpg/220px-Indian_-_Single_Leaf_of_a_Portrait_of_the_Emperor_Jahangir_-_Walters_W705_-_Detail.jpg,https://en.wikipedia.org/wiki/Jahangir,
Humayun,1508,1556,India,https://upload.wikimedia.org/wikipedia/commons/thumb/e/e3/Painting_of_Humayun%2C_c._1700.jpg/220px-Painting_of_Humayun%2C_c._1700.jpg,https://en.wikipedia.org/wiki/Humayun,
Sher Shah Suri,1486,1545,India,https://upload.wikimedia.org/wikipedia/commons/thumb/e/e2/Sher_Shah_Suri_by_Breshna.jpg/220px-Sher_Shah_Suri_by_Breshna.jpg,https://en.wikipedia.org/wiki/Sher_Shah_Suri,
Alauddin Khalji,1266,1316,India,https://upload.wikimedia.org/wikipedia/commons/thumb/6/6e/Portrait_of_Sultan_%27Ala-ud-Din%2C_Padshah_of_Delhi.jpg/220px-Portrait_of_Sultan_%27Ala-ud-Din%2C_Padshah_of_Delhi.jpg,https://en.wikipedia.org/wiki/Alauddin_Khalji,
Mongol invasions and conquests,1206,1405,Mongolia,https://upload.wikimedia.org/wikipedia/commons/thumb/e/ea/Mongol_Empire_map.gif/280px-Mongol_Empire_map.gif,https://en.wikipedia.org/wiki/Mongol_invasions_and_conquests,true
Delhi Sultanate,1206,1526,India,https://upload.wikimedia.org/wikipedia/commons/thumb/a/a6/Tughlaq_dynasty_1321_-_1398_ad.PNG/250px-Tughlaq_dynasty_1321_-_1398_ad.PNG,https://en.wikipedia.org/wiki/Delhi_Sultanate,true
Mughal Empire 1,1526,1540,India,https://upload.wikimedia.org/wikipedia/commons/thumb/d/d9/Mughal1700.png/250px-Mughal1700.png,https://en.wikipedia.org/wiki/Mughal_Empire,true
Mughal Empire 2,1555,1857,India,https://upload.wikimedia.org/wikipedia/commons/thumb/d/d9/Mughal1700.png/250px-Mughal1700.png,https://en.wikipedia.org/wiki/Mughal_Empire,true
Qutub ud-Din Aybak,1150,1210,India,,https://en.wikipedia.org/wiki/Qutb_al-Din_Aibak,
Iltutmish Reign,1211,1236,India,https://upload.wikimedia.org/wikipedia/commons/thumb/f/f9/Tomb_of_Iltutmish%2C_Qutb_Minar_complex%2C_Mehrauli.jpg/220px-Tomb_of_Iltutmish%2C_Qutb_Minar_complex%2C_Mehrauli.jpg,https://en.wikipedia.org/wiki/Iltutmish,true
Razia Sultana,1205,1240,India,https://upload.wikimedia.org/wikipedia/commons/thumb/5/5a/Tomb_of_Razia_Sultana_001.jpg/220px-Tomb_of_Razia_Sultana_001.jpg,https://en.wikipedia.org/wiki/Razia_Sultana,
Ghiyas ud din Balban Reign,1266,1287,India,https://upload.wikimedia.org/wikipedia/commons/thumb/0/0f/Grave_in_Balban%27s_tomb_enclosure.jpg/220px-Grave_in_Balban%27s_tomb_enclosure.jpg,https://en.wikipedia.org/wiki/Ghiyas_ud_din_Balban,
Jalal-ud-din Khalji Reign,1290,1296,India,https://upload.wikimedia.org/wikipedia/commons/thumb/1/1a/Maginary_portrait_of_Sultan_Firuz_Khalji%2C_Khwaja_Hasan%2C_and_a_dervish..jpg/220px-Maginary_portrait_of_Sultan_Firuz_Khalji%2C_Khwaja_Hasan%2C_and_a_dervish..jpg,https://en.wikipedia.org/wiki/Jalal-ud-din_Khalji,
Muhammad bin Tughluq Reign,1325,1351,India,,https://en.wikipedia.org/wiki/Muhammad_bin_Tughluq,
Mamluk dynasty sultanate - Slave Dynasty,1206,1290,India,https://upload.wikimedia.org/wikipedia/commons/thumb/4/43/Mamluk_dynasty_1206_-_1290_ad.GIF/250px-Mamluk_dynasty_1206_-_1290_ad.GIF,https://en.wikipedia.org/wiki/Mamluk_dynasty_(Delhi),true
Mamluk dynasty sultanate - Slave Dynasty,1206,1290,Pakistan,https://upload.wikimedia.org/wikipedia/commons/thumb/4/43/Mamluk_dynasty_1206_-_1290_ad.GIF/250px-Mamluk_dynasty_1206_-_1290_ad.GIF,https://en.wikipedia.org/wiki/Mamluk_dynasty_(Delhi),true
Mamluk dynasty sultanate - Slave Dynasty,1206,1290,Afghanistan,https://upload.wikimedia.org/wikipedia/commons/thumb/4/43/Mamluk_dynasty_1206_-_1290_ad.GIF/250px-Mamluk_dynasty_1206_-_1290_ad.GIF,https://en.wikipedia.org/wiki/Mamluk_dynasty_(Delhi),true
Khalji dynasty sultanate,1290,1320,India,https://upload.wikimedia.org/wikipedia/commons/thumb/b/ba/Delhi_Sultanate_under_Khalji_dynasty_-_based_on_A_Historical_Atlas_of_South_Asia.svg/250px-Delhi_Sultanate_under_Khalji_dynasty_-_based_on_A_Historical_Atlas_of_South_Asia.svg.png,https://en.wikipedia.org/wiki/Khalji_dynasty,true
Khalji dynasty sultanate,1290,1320,Pakistan,https://upload.wikimedia.org/wikipedia/commons/thumb/b/ba/Delhi_Sultanate_under_Khalji_dynasty_-_based_on_A_Historical_Atlas_of_South_Asia.svg/250px-Delhi_Sultanate_under_Khalji_dynasty_-_based_on_A_Historical_Atlas_of_South_Asia.svg.png,https://en.wikipedia.org/wiki/Khalji_dynasty,true
Khalji dynasty sultanate,1290,1320,Afghanistan,https://upload.wikimedia.org/wikipedia/commons/thumb/b/ba/Delhi_Sultanate_under_Khalji_dynasty_-_based_on_A_Historical_Atlas_of_South_Asia.svg/250px-Delhi_Sultanate_under_Khalji_dynasty_-_based_on_A_Historical_Atlas_of_South_Asia.svg.png,https://en.wikipedia.org/wiki/Khalji_dynasty,true
Tughlaq dynasty sultanate,1320,1413,India,https://upload.wikimedia.org/wikipedia/commons/thumb/a/a6/Tughlaq_dynasty_1321_-_1398_ad.PNG/250px-Tughlaq_dynasty_1321_-_1398_ad.PNG,https://en.wikipedia.org/wiki/Tughlaq_dynasty,true
Tughlaq dynasty sultanate,1320,1413,Pakistan,https://upload.wikimedia.org/wikipedia/commons/thumb/a/a6/Tughlaq_dynasty_1321_-_1398_ad.PNG/250px-Tughlaq_dynasty_1321_-_1398_ad.PNG,https://en.wikipedia.org/wiki/Tughlaq_dynasty,true
Tughlaq dynasty sultanate,1320,1413,Afghanistan,https://upload.wikimedia.org/wikipedia/commons/thumb/a/a6/Tughlaq_dynasty_1321_-_1398_ad.PNG/250px-Tughlaq_dynasty_1321_-_1398_ad.PNG,https://en.wikipedia.org/wiki/Tughlaq_dynasty,true
Vijayanagara Empire,1336,1646,India,https://upload.wikimedia.org/wikipedia/commons/thumb/b/bd/Vijayanagara-empire-map.svg/250px-Vijayanagara-empire-map.svg.png,https://en.wikipedia.org/wiki/Vijayanagara_Empire,true
Sayyid dynasty sultanate,1414,1451,India,https://upload.wikimedia.org/wikipedia/commons/thumb/e/e3/Lodhi_Garden%2C_New_Delhi._taken_by_Anita_Mishra.JPG/250px-Lodhi_Garden%2C_New_Delhi._taken_by_Anita_Mishra.JPG,https://en.wikipedia.org/wiki/Sayyid_dynasty,true
Sayyid dynasty sultanate,1414,1451,Pakistan,https://upload.wikimedia.org/wikipedia/commons/thumb/e/e3/Lodhi_Garden%2C_New_Delhi._taken_by_Anita_Mishra.JPG/250px-Lodhi_Garden%2C_New_Delhi._taken_by_Anita_Mishra.JPG,https://en.wikipedia.org/wiki/Sayyid_dynasty,true
Sayyid dynasty sultanate,1414,1451,Afghanistan,https://upload.wikimedia.org/wikipedia/commons/thumb/e/e3/Lodhi_Garden%2C_New_Delhi._taken_by_Anita_Mishra.JPG/250px-Lodhi_Garden%2C_New_Delhi._taken_by_Anita_Mishra.JPG,https://en.wikipedia.org/wiki/Sayyid_dynasty,true
Lodi dynasty sultanate,1451,1526,India,https://upload.wikimedia.org/wikipedia/commons/thumb/5/57/India_in_1525_Joppen.jpg/250px-India_in_1525_Joppen.jpg,https://en.wikipedia.org/wiki/Lodi_dynasty,true
Lodi dynasty sultanate,1451,1526,Pakistan,https://upload.wikimedia.org/wikipedia/commons/thumb/5/57/India_in_1525_Joppen.jpg/250px-India_in_1525_Joppen.jpg,https://en.wikipedia.org/wiki/Lodi_dynasty,true
Lodi dynasty sultanate,1451,1526,Afghanistan,https://upload.wikimedia.org/wikipedia/commons/thumb/5/57/India_in_1525_Joppen.jpg/250px-India_in_1525_Joppen.jpg,https://en.wikipedia.org/wiki/Lodi_dynasty,true
Ibrahim Lodi Reign,1517,1526,India,https://upload.wikimedia.org/wikipedia/commons/thumb/c/c6/Sultan-Ibrahim-Lodhi.jpg/220px-Sultan-Ibrahim-Lodhi.jpg,https://en.wikipedia.org/wiki/Ibrahim_Lodi,
Muhammad Ghori Reign,1173,1206,Afghanistan,https://upload.wikimedia.org/wikipedia/commons/thumb/7/74/Shrine_of_Mu%27izz_al-Din_Muhammad.JPG/220px-Shrine_of_Mu%27izz_al-Din_Muhammad.JPG,https://en.wikipedia.org/wiki/Muhammad_of_Ghor,
Prithviraj Chauhan,1166,1192,India,https://upload.wikimedia.org/wikipedia/commons/thumb/e/e5/Prithvi_Raj_Chauhan_%28Edited%29.jpg/220px-Prithvi_Raj_Chauhan_%28Edited%29.jpg,https://en.wikipedia.org/wiki/Prithviraj_Chauhan,
Hyder Ali,1720,1782,India,https://upload.wikimedia.org/wikipedia/commons/thumb/3/3a/%22Hyder_Ali%2C%22_a_steel_engraving_from_the_1790%27s_%28with_modern_hand_coloring%29.jpg/220px-%22Hyder_Ali%2C%22_a_steel_engraving_from_the_1790%27s_%28with_modern_hand_coloring%29.jpg,https://en.wikipedia.org/wiki/Hyder_Ali,
Tipu Sultan,1750,1799,India,https://upload.wikimedia.org/wikipedia/commons/thumb/0/09/Tipu_Sultan_BL.jpg/220px-Tipu_Sultan_BL.jpg,https://en.wikipedia.org/wiki/Tipu_Sultan,
Mother Teresa,1910,1997,India,https://upload.wikimedia.org/wikipedia/commons/thumb/7/77/MotherTeresa_094.jpg/220px-MotherTeresa_094.jpg,https://en.wikipedia.org/wiki/Mother_Teresa,
Renaissance,1300,1600,Italy,https://upload.wikimedia.org/wikipedia/commons/thumb/4/49/%22The_School_of_Athens%22_by_Raffaello_Sanzio_da_Urbino.jpg/250px-%22The_School_of_Athens%22_by_Raffaello_Sanzio_da_Urbino.jpg,https://en.wikipedia.org/wiki/Renaissance,true
Black Death,1346,1351,Italy,https://upload.wikimedia.org/wikipedia/commons/thumb/4/4e/1346-1353_spread_of_the_Black_Death_in_Europe_map.svg/500px-1346-1353_spread_of_the_Black_Death_in_Europe_map.svg.png,https://en.wikipedia.org/wiki/Black_Death,true
Black Death,1346,1351,France,https://upload.wikimedia.org/wikipedia/commons/thumb/4/4e/1346-1353_spread_of_the_Black_Death_in_Europe_map.svg/500px-1346-1353_spread_of_the_Black_Death_in_Europe_map.svg.png,https://en.wikipedia.org/wiki/Black_Death,true
Black Death,1346,1351,Germany,https://upload.wikimedia.org/wikipedia/commons/thumb/4/4e/1346-1353_spread_of_the_Black_Death_in_Europe_map.svg/500px-1346-1353_spread_of_the_Black_Death_in_Europe_map.svg.png,https://en.wikipedia.org/wiki/Black_Death,true
Black Death,1346,1351,Spain,https://upload.wikimedia.org/wikipedia/commons/thumb/4/4e/1346-1353_spread_of_the_Black_Death_in_Europe_map.svg/500px-1346-1353_spread_of_the_Black_Death_in_Europe_map.svg.png,https://en.wikipedia.org/wiki/Black_Death,true
Black Death,1346,1351,England,https://upload.wikimedia.org/wikipedia/commons/thumb/4/4e/1346-1353_spread_of_the_Black_Death_in_Europe_map.svg/500px-1346-1353_spread_of_the_Black_Death_in_Europe_map.svg.png,https://en.wikipedia.org/wiki/Black_Death,true
British Raj,1858,1947,India,https://upload.wikimedia.org/wikipedia/en/thumb/9/90/IndiaPolitical1893ConstablesHandAtlas.jpg/250px-IndiaPolitical1893ConstablesHandAtlas.jpg,https://en.wikipedia.org/wiki/British_Raj,true
British Raj,1858,1947,Pakistan,https://upload.wikimedia.org/wikipedia/en/thumb/9/90/IndiaPolitical1893ConstablesHandAtlas.jpg/250px-IndiaPolitical1893ConstablesHandAtlas.jpg,https://en.wikipedia.org/wiki/British_Raj,true
British Raj,1858,1947,Bangladesh,https://upload.wikimedia.org/wikipedia/en/thumb/9/90/IndiaPolitical1893ConstablesHandAtlas.jpg/250px-IndiaPolitical1893ConstablesHandAtlas.jpg,https://en.wikipedia.org/wiki/British_Raj,true
British Raj,1858,1947,Nepal,https://upload.wikimedia.org/wikipedia/en/thumb/9/90/IndiaPolitical1893ConstablesHandAtlas.jpg/250px-IndiaPolitical1893ConstablesHandAtlas.jpg,https://en.wikipedia.org/wiki/British_Raj,true
British Raj,1858,1947,Myanmar,https://upload.wikimedia.org/wikipedia/en/thumb/9/90/IndiaPolitical1893ConstablesHandAtlas.jpg/250px-IndiaPolitical1893ConstablesHandAtlas.jpg,https://en.wikipedia.org/wiki/British_Raj,true
Company rule,1757,1858,India,https://upload.wikimedia.org/wikipedia/en/thumb/9/90/IndiaPolitical1893ConstablesHandAtlas.jpg/250px-IndiaPolitical1893ConstablesHandAtlas.jpg,https://en.wikipedia.org/wiki/Company_rule_in_India,true
Company rule,1757,1858,Pakistan,https://upload.wikimedia.org/wikipedia/en/thumb/9/90/IndiaPolitical1893ConstablesHandAtlas.jpg/250px-IndiaPolitical1893ConstablesHandAtlas.jpg,https://en.wikipedia.org/wiki/Company_rule_in_India,true
Company rule,1757,1858,Bangladesh,https://upload.wikimedia.org/wikipedia/en/thumb/9/90/IndiaPolitical1893ConstablesHandAtlas.jpg/250px-IndiaPolitical1893ConstablesHandAtlas.jpg,https://en.wikipedia.org/wiki/Company_rule_in_India,true
Company rule,1757,1858,Nepal,https://upload.wikimedia.org/wikipedia/en/thumb/9/90/IndiaPolitical1893ConstablesHandAtlas.jpg/250px-IndiaPolitical1893ConstablesHandAtlas.jpg,https://en.wikipedia.org/wiki/Company_rule_in_India,true
Michelangelo,1475,1564,Italy,https://upload.wikimedia.org/wikipedia/commons/thumb/5/5e/Miguel_%C3%81ngel%2C_por_Daniele_da_Volterra_%28detalle%29.jpg/220px-Miguel_%C3%81ngel%2C_por_Daniele_da_Volterra_%28detalle%29.jpg,https://en.wikipedia.org/wiki/Michelangelo,
Raphael,1483,1520,Italy,https://upload.wikimedia.org/wikipedia/commons/thumb/f/f6/Raffaello_Sanzio.jpg/220px-Raffaello_Sanzio.jpg,https://en.wikipedia.org/wiki/Raphael,
Gian Lorenzo Bernini,1598,1680,Italy,https://upload.wikimedia.org/wikipedia/commons/thumb/d/d5/Gian_Lorenzo_Bernini%2C_self-portrait%2C_c1623.jpg/220px-Gian_Lorenzo_Bernini%2C_self-portrait%2C_c1623.jpg,https://en.wikipedia.org/wiki/Gian_Lorenzo_Bernini,
Vincent van Gogh,1853,1890,Netherlands,https://upload.wikimedia.org/wikipedia/commons/thumb/4/4c/Vincent_van_Gogh_-_Self-Portrait_-_Google_Art_Project_%28454045%29.jpg/220px-Vincent_van_Gogh_-_Self-Portrait_-_Google_Art_Project_%28454045%29.jpg,https://en.wikipedia.org/wiki/Vincent_van_Gogh,
Raja Ravi Varma,1848,1906,India,https://upload.wikimedia.org/wikipedia/commons/thumb/1/11/Ravivarma1.png/220px-Ravivarma1.png,https://en.wikipedia.org/wiki/Raja_Ravi_Varma,
Tantia Tope,1814,1859,India,https://upload.wikimedia.org/wikipedia/en/thumb/6/66/Tantia_Tope_painting.jpg/220px-Tantia_Tope_painting.jpg,https://en.wikipedia.org/wiki/Tantia_Tope,
WORLD WAR I,1914,1918,France,https://upload.wikimedia.org/wikipedia/commons/thumb/4/4f/WWI-re.png/375px-WWI-re.png,https://en.wikipedia.org/wiki/World_War_I,true
WORLD WAR I,1914,1918,Germany,https://upload.wikimedia.org/wikipedia/commons/thumb/4/4f/WWI-re.png/375px-WWI-re.png,https://en.wikipedia.org/wiki/World_War_I,true
WORLD WAR I,1914,1918,England,https://upload.wikimedia.org/wikipedia/commons/thumb/4/4f/WWI-re.png/375px-WWI-re.png,https://en.wikipedia.org/wiki/World_War_I,true
WORLD WAR I,1914,1918,Austria,https://upload.wikimedia.org/wikipedia/commons/thumb/4/4f/WWI-re.png/375px-WWI-re.png,https://en.wikipedia.org/wiki/World_War_I,true
WORLD WAR I,1914,1917,Russia,https://upload.wikimedia.org/wikipedia/commons/thumb/4/4f/WWI-re.png/375px-WWI-re.png,https://en.wikipedia.org/wiki/World_War_I,true
WORLD WAR I,1914,1918,Serbia,https://upload.wikimedia.org/wikipedia/commons/thumb/4/4f/WWI-re.png/375px-WWI-re.png,https://en.wikipedia.org/wiki/World_War_I,true
WORLD WAR I,1914,1918,Belgium,https://upload.wikimedia.org/wikipedia/commons/thumb/4/4f/WWI-re.png/375px-WWI-re.png,https://en.wikipedia.org/wiki/World_War_I,true
WORLD WAR I,1914,1918,Japan,https://upload.wikimedia.org/wikipedia/commons/thumb/4/4f/WWI-re.png/375px-WWI-re.png,https://en.wikipedia.org/wiki/World_War_I,true
WORLD WAR I,1914,1918,Montenegro,https://upload.wikimedia.org/wikipedia/commons/thumb/4/4f/WWI-re.png/375px-WWI-re.png,https://en.wikipedia.org/wiki/World_War_I,true
WORLD WAR I,1915,1918,Italy,https://upload.wikimedia.org/wikipedia/commons/thumb/4/4f/WWI-re.png/375px-WWI-re.png,https://en.wikipedia.org/wiki/World_War_I,true
WORLD WAR I,1917,1918,USA,https://upload.wikimedia.org/wikipedia/commons/thumb/4/4f/WWI-re.png/375px-WWI-re.png,https://en.wikipedia.org/wiki/World_War_I,true
WORLD WAR I,1916,1918,Romania,https://upload.wikimedia.org/wikipedia/commons/thumb/4/4f/WWI-re.png/375px-WWI-re.png,https://en.wikipedia.org/wiki/World_War_I,true
WORLD WAR I,1916,1918,Portugal,https://upload.wikimedia.org/wikipedia/commons/thumb/4/4f/WWI-re.png/375px-WWI-re.png,https://en.wikipedia.org/wiki/World_War_I,true
WORLD WAR I,1917,1918,China,https://upload.wikimedia.org/wikipedia/commons/thumb/4/4f/WWI-re.png/375px-WWI-re.png,https://en.wikipedia.org/wiki/World_War_I,true
WORLD WAR I,1914,1918,Turkey,https://upload.wikimedia.org/wikipedia/commons/thumb/4/4f/WWI-re.png/375px-WWI-re.png,https://en.wikipedia.org/wiki/World_War_I,true
World War II,1939,1945,Germany,https://upload.wikimedia.org/wikipedia/commons/thumb/2/21/Map_of_participants_in_World_War_II.png/280px-Map_of_participants_in_World_War_II.png,https://en.wikipedia.org/wiki/World_War_II,true
World War II,1941,1945,USA,https://upload.wikimedia.org/wikipedia/commons/thumb/2/21/Map_of_participants_in_World_War_II.png/280px-Map_of_participants_in_World_War_II.png,https://en.wikipedia.org/wiki/World_War_II,true
World War II,1941,1945,Russia,https://upload.wikimedia.org/wikipedia/commons/thumb/2/21/Map_of_participants_in_World_War_II.png/280px-Map_of_participants_in_World_War_II.png,https://en.wikipedia.org/wiki/World_War_II,true
World War II,1939,1945,England,https://upload.wikimedia.org/wikipedia/commons/thumb/2/21/Map_of_participants_in_World_War_II.png/280px-Map_of_participants_in_World_War_II.png,https://en.wikipedia.org/wiki/World_War_II,true
World War II,1939,1945,China,https://upload.wikimedia.org/wikipedia/commons/thumb/2/21/Map_of_participants_in_World_War_II.png/280px-Map_of_participants_in_World_War_II.png,https://en.wikipedia.org/wiki/World_War_II,true
World War II,1939,1945,France,https://upload.wikimedia.org/wikipedia/commons/thumb/2/21/Map_of_participants_in_World_War_II.png/280px-Map_of_participants_in_World_War_II.png,https://en.wikipedia.org/wiki/World_War_II,true
World War II,1939,1945,Poland,https://upload.wikimedia.org/wikipedia/commons/thumb/2/21/Map_of_participants_in_World_War_II.png/280px-Map_of_participants_in_World_War_II.png,https://en.wikipedia.org/wiki/World_War_II,true
World War II,1939,1945,Greece,https://upload.wikimedia.org/wikipedia/commons/thumb/2/21/Map_of_participants_in_World_War_II.png/280px-Map_of_participants_in_World_War_II.png,https://en.wikipedia.org/wiki/World_War_II,true
World War II,1939,1945,Netharlands,https://upload.wikimedia.org/wikipedia/commons/thumb/2/21/Map_of_participants_in_World_War_II.png/280px-Map_of_participants_in_World_War_II.png,https://en.wikipedia.org/wiki/World_War_II,true
World War II,1939,1945,Belgium,https://upload.wikimedia.org/wikipedia/commons/thumb/2/21/Map_of_participants_in_World_War_II.png/280px-Map_of_participants_in_World_War_II.png,https://en.wikipedia.org/wiki/World_War_II,true
World War II,1939,1945,Luxembourg,https://upload.wikimedia.org/wikipedia/commons/thumb/2/21/Map_of_participants_in_World_War_II.png/280px-Map_of_participants_in_World_War_II.png,https://en.wikipedia.org/wiki/World_War_II,true
World War II,1939,1945,Norway,https://upload.wikimedia.org/wikipedia/commons/thumb/2/21/Map_of_participants_in_World_War_II.png/280px-Map_of_participants_in_World_War_II.png,https://en.wikipedia.org/wiki/World_War_II,true
World War II,1939,1945,India,https://upload.wikimedia.org/wikipedia/commons/thumb/2/21/Map_of_participants_in_World_War_II.png/280px-Map_of_participants_in_World_War_II.png,https://en.wikipedia.org/wiki/World_War_II,true
World War II,1939,1945,Canada,https://upload.wikimedia.org/wikipedia/commons/thumb/2/21/Map_of_participants_in_World_War_II.png/280px-Map_of_participants_in_World_War_II.png,https://en.wikipedia.org/wiki/World_War_II,true
World War II,1939,1945,Australia,https://upload.wikimedia.org/wikipedia/commons/thumb/2/21/Map_of_participants_in_World_War_II.png/280px-Map_of_participants_in_World_War_II.png,https://en.wikipedia.org/wiki/World_War_II,true
World War II,1939,1945,South Africa,https://upload.wikimedia.org/wikipedia/commons/thumb/2/21/Map_of_participants_in_World_War_II.png/280px-Map_of_participants_in_World_War_II.png,https://en.wikipedia.org/wiki/World_War_II,true
World War II,1939,1945,New Zealans,https://upload.wikimedia.org/wikipedia/commons/thumb/2/21/Map_of_participants_in_World_War_II.png/280px-Map_of_participants_in_World_War_II.png,https://en.wikipedia.org/wiki/World_War_II,true
World War II,1939,1945,Ethiopia,https://upload.wikimedia.org/wikipedia/commons/thumb/2/21/Map_of_participants_in_World_War_II.png/280px-Map_of_participants_in_World_War_II.png,https://en.wikipedia.org/wiki/World_War_II,true
World War II,1939,1945,Ethiopia,https://upload.wikimedia.org/wikipedia/commons/thumb/2/21/Map_of_participants_in_World_War_II.png/280px-Map_of_participants_in_World_War_II.png,https://en.wikipedia.org/wiki/World_War_II,true
World War II,1939,1945,Brazil,https://upload.wikimedia.org/wikipedia/commons/thumb/2/21/Map_of_participants_in_World_War_II.png/280px-Map_of_participants_in_World_War_II.png,https://en.wikipedia.org/wiki/World_War_II,true
World War II,1939,1945,Mexico,https://upload.wikimedia.org/wikipedia/commons/thumb/2/21/Map_of_participants_in_World_War_II.png/280px-Map_of_participants_in_World_War_II.png,https://en.wikipedia.org/wiki/World_War_II,true
World War II,1939,1945,Philippines,https://upload.wikimedia.org/wikipedia/commons/thumb/2/21/Map_of_participants_in_World_War_II.png/280px-Map_of_participants_in_World_War_II.png,https://en.wikipedia.org/wiki/World_War_II,true
World War II,1939,1945,Nicaragua,https://upload.wikimedia.org/wikipedia/commons/thumb/2/21/Map_of_participants_in_World_War_II.png/280px-Map_of_participants_in_World_War_II.png,https://en.wikipedia.org/wiki/World_War_II,true
World War II,1939,1945,Panama,https://upload.wikimedia.org/wikipedia/commons/thumb/2/21/Map_of_participants_in_World_War_II.png/280px-Map_of_participants_in_World_War_II.png,https://en.wikipedia.org/wiki/World_War_II,true
World War II,1939,1945,El Salvador,https://upload.wikimedia.org/wikipedia/commons/thumb/2/21/Map_of_participants_in_World_War_II.png/280px-Map_of_participants_in_World_War_II.png,https://en.wikipedia.org/wiki/World_War_II,true
World War II,1939,1945,Costa Rica,https://upload.wikimedia.org/wikipedia/commons/thumb/2/21/Map_of_participants_in_World_War_II.png/280px-Map_of_participants_in_World_War_II.png,https://en.wikipedia.org/wiki/World_War_II,true
World War II,1939,1945,Italy,https://upload.wikimedia.org/wikipedia/commons/thumb/2/21/Map_of_participants_in_World_War_II.png/280px-Map_of_participants_in_World_War_II.png,https://en.wikipedia.org/wiki/World_War_II,true
World War II,1939,1945,Finland,https://upload.wikimedia.org/wikipedia/commons/thumb/2/21/Map_of_participants_in_World_War_II.png/280px-Map_of_participants_in_World_War_II.png,https://en.wikipedia.org/wiki/World_War_II,true
World War II,1939,1945,Romania,https://upload.wikimedia.org/wikipedia/commons/thumb/2/21/Map_of_participants_in_World_War_II.png/280px-Map_of_participants_in_World_War_II.png,https://en.wikipedia.org/wiki/World_War_II,true
World War II,1939,1945,Bulgaria,https://upload.wikimedia.org/wikipedia/commons/thumb/2/21/Map_of_participants_in_World_War_II.png/280px-Map_of_participants_in_World_War_II.png,https://en.wikipedia.org/wiki/World_War_II,true
World War II,1939,1945,Japan,https://upload.wikimedia.org/wikipedia/commons/thumb/2/21/Map_of_participants_in_World_War_II.png/280px-Map_of_participants_in_World_War_II.png,https://en.wikipedia.org/wiki/World_War_II,true
World War II,1939,1945,Mayanmar,https://upload.wikimedia.org/wikipedia/commons/thumb/2/21/Map_of_participants_in_World_War_II.png/280px-Map_of_participants_in_World_War_II.png,https://en.wikipedia.org/wiki/World_War_II,true
World War II,1939,1945,Bangladesh,https://upload.wikimedia.org/wikipedia/commons/thumb/2/21/Map_of_participants_in_World_War_II.png/280px-Map_of_participants_in_World_War_II.png,https://en.wikipedia.org/wiki/World_War_II,true
World War II,1939,1945,Iraq,https://upload.wikimedia.org/wikipedia/commons/thumb/2/21/Map_of_participants_in_World_War_II.png/280px-Map_of_participants_in_World_War_II.png,https://en.wikipedia.org/wiki/World_War_II,true
World War II,1939,1945,Thailand,https://upload.wikimedia.org/wikipedia/commons/thumb/2/21/Map_of_participants_in_World_War_II.png/280px-Map_of_participants_in_World_War_II.png,https://en.wikipedia.org/wiki/World_War_II,true
Gautam Buddha,-563,-483,India,https://upload.wikimedia.org/wikipedia/commons/thumb/f/ff/Buddha_in_Sarnath_Museum_%28Dhammajak_Mutra%29.jpg/220px-Buddha_in_Sarnath_Museum_%28Dhammajak_Mutra%29.jpg,https://en.wikipedia.org/wiki/Gautama_Buddha,
Confucius,-551,-479,China,https://upload.wikimedia.org/wikipedia/commons/thumb/6/6c/%E5%AD%94%E5%AD%90%E8%81%96%E8%B9%9F%E5%9C%96.png/220px-%E5%AD%94%E5%AD%90%E8%81%96%E8%B9%9F%E5%9C%96.png,https://en.wikipedia.org/wiki/Confucius,
Socrates,-470,-399,Greece,https://upload.wikimedia.org/wikipedia/commons/thumb/a/a4/Socrates_Louvre.jpg/220px-Socrates_Louvre.jpg,https://en.wikipedia.org/wiki/Socrates,
Plato,-424,-348,Greece,https://upload.wikimedia.org/wikipedia/commons/thumb/8/88/Plato_Silanion_Musei_Capitolini_MC1377.jpg/220px-Plato_Silanion_Musei_Capitolini_MC1377.jpg,https://en.wikipedia.org/wiki/Plato,
Alexander the Great,-356,-323,Greece,https://upload.wikimedia.org/wikipedia/commons/thumb/e/e1/Alexander_the_Great_mosaic.jpg/270px-Alexander_the_Great_mosaic.jpg,https://en.wikipedia.org/wiki/Alexander_the_Great,
Aristotle,-384,-322,Greece,"https://upload.wikimedia.org/wikipedia/commons/thumb/a/ae/Aristotle_Altemps_Inv8575.jpg/220px-Aristotle_Altemps_Inv8575.jpg","https://en.wikipedia.org/wiki/Aristotle",
Archimedes,-287,-212,Greece,https://upload.wikimedia.org/wikipedia/commons/thumb/e/e7/Domenico-Fetti_Archimedes_1620.jpg/220px-Domenico-Fetti_Archimedes_1620.jpg,https://en.wikipedia.org/wiki/Archimedes,
Julius Caesar,-100,-44,Italy,"https://upload.wikimedia.org/wikipedia/commons/thumb/8/8f/Gaius_Iulius_Caesar_%28Vatican_Museum%29.jpg/220px-Gaius_Iulius_Caesar_%28Vatican_Museum%29.jpg","https://en.wikipedia.org/wiki/Julius_Caesar",
Cleopatra,69,30,Egypt,"https://upload.wikimedia.org/wikipedia/commons/thumb/3/3e/Kleopatra-VII.-Altes-Museum-Berlin1.jpg/220px-Kleopatra-VII.-Altes-Museum-Berlin1.jpg","https://en.wikipedia.org/wiki/Cleopatra",
"Samudragupta Reign",335,380,India,"https://upload.wikimedia.org/wikipedia/commons/thumb/f/fb/SamudraguptaCoin.jpg/220px-SamudraguptaCoin.jpg","https://en.wikipedia.org/wiki/Samudragupta",
Chandragupta II Reign,380,415,India,https://upload.wikimedia.org/wikipedia/commons/thumb/c/c5/ChandraguptaIIOnHorse.jpg/220px-ChandraguptaIIOnHorse.jpg,https://en.wikipedia.org/wiki/Chandragupta_II,
Gupta Empire,320,650,India,"https://upload.wikimedia.org/wikipedia/commons/thumb/6/6c/South_Asia_historical_AD450_EN.svg/280px-South_Asia_historical_AD450_EN.svg.png","https://en.wikipedia.org/wiki/Gupta_Empire",true
Kalidas,350,450,India,"https://upload.wikimedia.org/wikipedia/commons/thumb/2/22/Kalidas.jpg/220px-Kalidas.jpg","https://en.wikipedia.org/wiki/Kālidāsa",
Aryabhata,476,550,India,"","https://en.wikipedia.org/wiki/Aryabhata",
Varāhamihira,499,587,India,,https://en.wikipedia.org/wiki/Varāhamihira,
Ashoka Reign,-268,232,India,https://upload.wikimedia.org/wikipedia/commons/thumb/2/28/Ashoka%27s_visit_to_the_Ramagrama_stupa_Sanchi_Stupa_1_Southern_gateway.jpg/299px-Ashoka%27s_visit_to_the_Ramagrama_stupa_Sanchi_Stupa_1_Southern_gateway.jpg,https://en.wikipedia.org/wiki/Ashoka,
Chandragupta Maurya,-340,-297,India,https://upload.wikimedia.org/wikipedia/commons/thumb/d/db/Chandragupta_Maurya_and_Bhadrabahu.png/220px-Chandragupta_Maurya_and_Bhadrabahu.png,https://en.wikipedia.org/wiki/Chandragupta_Maurya,
Chanakya,-390,-310,India,https://upload.wikimedia.org/wikipedia/commons/c/cd/Chanakya_artistic_depiction.jpg,https://en.wikipedia.org/wiki/Chanakya,
Nanda Empire,-345,-321,India,https://upload.wikimedia.org/wikipedia/commons/thumb/9/90/Nanda_Empire%2C_c.325_BCE.png/250px-Nanda_Empire%2C_c.325_BCE.png,https://en.wikipedia.org/wiki/Nanda_Empire,true
Pallava dynasty,275,897,India,https://upload.wikimedia.org/wikipedia/commons/thumb/c/c0/Pallava_territories.png/250px-Pallava_territories.png,https://en.wikipedia.org/wiki/Pallava_dynasty,true
Harshavardhana,590,647,India,https://upload.wikimedia.org/wikipedia/commons/thumb/0/02/Harshavardhana_Circa_AD_606-647.jpg/300px-Harshavardhana_Circa_AD_606-647.jpg,https://en.wikipedia.org/wiki/Harsha,
Chalukya dynasty,543,753,India,https://upload.wikimedia.org/wikipedia/commons/thumb/e/e9/Badami-chalukya-empire-map.svg/250px-Badami-chalukya-empire-map.svg.png,https://en.wikipedia.org/wiki/Chalukya_dynasty,true
Rashtrakuta dynasty,753,982,India,https://upload.wikimedia.org/wikipedia/commons/thumb/a/a4/Indian_Rashtrakuta_Empire_map.svg/250px-Indian_Rashtrakuta_Empire_map.svg.png,https://en.wikipedia.org/wiki/Rashtrakuta_dynasty,true
Adi Shankara,788,820,India,https://upload.wikimedia.org/wikipedia/commons/thumb/e/e3/Raja_Ravi_Varma_-_Sankaracharya.jpg/220px-Raja_Ravi_Varma_-_Sankaracharya.jpg,https://en.wikipedia.org/wiki/Adi_Shankara,
Madhvacharya,1238,1317,India,https://upload.wikimedia.org/wikipedia/commons/thumb/1/1d/Shri_Madhvacharya.jpg/220px-Shri_Madhvacharya.jpg,https://en.wikipedia.org/wiki/Madhvacharya,
Mahavira,-497,-425,India,https://upload.wikimedia.org/wikipedia/commons/thumb/b/bb/Mahavir.jpg/220px-Mahavir.jpg,https://en.wikipedia.org/wiki/Mahavira,
Gurjara-Pratihara,650,1036,India,https://upload.wikimedia.org/wikipedia/commons/thumb/4/45/Indian_Kanauj_triangle_map.svg/250px-Indian_Kanauj_triangle_map.svg.png,https://en.wikipedia.org/wiki/Gurjara-Pratihara,true
Pala Empire,700,1100,India,https://upload.wikimedia.org/wikipedia/commons/thumb/1/19/Asia_800ad.jpg/250px-Asia_800ad.jpg,https://en.wikipedia.org/wiki/Pala_Empire,true
Chola dynasty,-300,1279,India,https://upload.wikimedia.org/wikipedia/commons/thumb/c/cf/Rajendra_map_new.svg/250px-Rajendra_map_new.svg.png,https://en.wikipedia.org/wiki/Chola_dynasty,true
Sikh Empire,1799,1849,India,"https://upload.wikimedia.org/wikipedia/commons/thumb/9/98/Sikh_Empire_tri-lingual.jpg/250px-Sikh_Empire_tri-lingual.jpg","https://en.wikipedia.org/wiki/Sikh_Empire",true
Guru Gobind Singh,1666,1708,India,https://upload.wikimedia.org/wikipedia/commons/thumb/1/11/Guru_Gobind_Singh.jpg/220px-Guru_Gobind_Singh.jpg,https://en.wikipedia.org/wiki/Guru_Gobind_Singh,
French Revolution,1789,1799,France,https://upload.wikimedia.org/wikipedia/commons/thumb/4/4e/Prise_de_la_Bastille.jpg/240px-Prise_de_la_Bastille.jpg,https://en.wikipedia.org/wiki/French_Revolution,true
Maximilien Robespierre,1758,1794,France,https://upload.wikimedia.org/wikipedia/commons/thumb/7/75/Robespierre_crop.jpg/220px-Robespierre_crop.jpg,https://en.wikipedia.org/wiki/Maximilien_Robespierre,
Jean-Paul Marat,1743,1793,France,https://upload.wikimedia.org/wikipedia/commons/thumb/8/80/Jean-Paul_Marat_portre.jpg/220px-Jean-Paul_Marat_portre.jpg,https://en.wikipedia.org/wiki/Jean-Paul_Marat,
Georges Danton,1759,1794,France,https://upload.wikimedia.org/wikipedia/commons/thumb/b/b1/Georges_Danton.jpg/220px-Georges_Danton.jpg,https://en.wikipedia.org/wiki/Georges_Danton,
Charlotte Corday,1768,1793,France,https://upload.wikimedia.org/wikipedia/commons/thumb/6/68/Charlotte_Corday.PNG/220px-Charlotte_Corday.PNG,https://en.wikipedia.org/wiki/Charlotte_Corday,
Napoleon III,1808,1873,France,"https://upload.wikimedia.org/wikipedia/commons/thumb/8/85/Napoleon_III_Flandrin.jpg/233px-Napoleon_III_Flandrin.jpg","https://en.wikipedia.org/wiki/Napoleon_III",
Crimean War,1853,1856,Turkey,https://upload.wikimedia.org/wikipedia/commons/thumb/2/2e/Panorama_dentro.JPG/305px-Panorama_dentro.JPG,https://en.wikipedia.org/wiki/Crimean_War,true
Lakshmibai of Jhansi,1828,1858,India,"https://upload.wikimedia.org/wikipedia/commons/thumb/5/5b/Rani_of_Jhansi%2C_watercolour_on_ivory%2C_c._1857.png/220px-Rani_of_Jhansi%2C_watercolour_on_ivory%2C_c._1857.png","https://en.wikipedia.org/wiki/Rani_of_Jhansi",
American Revolution,1765,1783,USA,https://upload.wikimedia.org/wikipedia/commons/thumb/5/5d/Eug%C3%A8ne_Delacroix_-_Le_28_Juillet._La_Libert%C3%A9_guidant_le_peuple.jpg/250px-Eug%C3%A8ne_Delacroix_-_Le_28_Juillet._La_Libert%C3%A9_guidant_le_peuple.jpg,https://en.wikipedia.org/wiki/American_Revolution,true
Benjamin Franklin,1706,1790,USA,"https://upload.wikimedia.org/wikipedia/commons/thumb/2/25/Benjamin_Franklin_by_Joseph_Duplessis_1778.jpg/220px-Benjamin_Franklin_by_Joseph_Duplessis_1778.jpg","https://en.wikipedia.org/wiki/Benjamin_Franklin",
Alexander Hamilton,1755,1804,USA,https://upload.wikimedia.org/wikipedia/commons/thumb/0/05/Alexander_Hamilton_portrait_by_John_Trumbull_1806.jpg/220px-Alexander_Hamilton_portrait_by_John_Trumbull_1806.jpg,https://en.wikipedia.org/wiki/Alexander_Hamilton,
James Madison,1751,1836,USA,https://upload.wikimedia.org/wikipedia/commons/thumb/1/1d/James_Madison.jpg/220px-James_Madison.jpg,https://en.wikipedia.org/wiki/James_Madison,
Theodore Roosevelt,1858,1919,USA,https://upload.wikimedia.org/wikipedia/commons/thumb/4/42/President_Roosevelt_-_Pach_Bros.tif/lossy-page1-220px-President_Roosevelt_-_Pach_Bros.tif.jpg,https://en.wikipedia.org/wiki/Theodore_Roosevelt,
John Adams,1735,1826,USA,https://upload.wikimedia.org/wikipedia/commons/thumb/9/9e/Johnadamsvp.flipped.jpg/220px-Johnadamsvp.flipped.jpg,https://en.wikipedia.org/wiki/John_Adams,
Franklin D. Roosevelt,1882,1945,USA,https://upload.wikimedia.org/wikipedia/commons/thumb/3/30/FDR_1944_Color_Portrait.tif/lossy-page1-220px-FDR_1944_Color_Portrait.tif.jpg,https://en.wikipedia.org/wiki/Franklin_D._Roosevelt,
Andrew Jackson,1767,1845,USA,https://upload.wikimedia.org/wikipedia/commons/thumb/4/43/Andrew_jackson_head.jpg/220px-Andrew_jackson_head.jpg,https://en.wikipedia.org/wiki/Andrew_Jackson,
Thomas Jefferson,1743,1826,USA,https://upload.wikimedia.org/wikipedia/commons/thumb/0/07/Official_Presidential_portrait_of_Thomas_Jefferson_%28by_Rembrandt_Peale%2C_1800%29.jpg/220px-Official_Presidential_portrait_of_Thomas_Jefferson_%28by_Rembrandt_Peale%2C_1800%29.jpg,https://en.wikipedia.org/wiki/Thomas_Jefferson,
Nikola Tesla,1856,1891,Austria,"https://upload.wikimedia.org/wikipedia/commons/thumb/d/d4/N.Tesla.JPG/220px-N.Tesla.JPG","https://en.wikipedia.org/wiki/Nikola_Tesla",
Nikola Tesla,1891,1943,USA,"https://upload.wikimedia.org/wikipedia/commons/thumb/d/d4/N.Tesla.JPG/220px-N.Tesla.JPG","https://en.wikipedia.org/wiki/Nikola_Tesla",
Alessandro Volta,1745,1827,Italy,"https://upload.wikimedia.org/wikipedia/commons/thumb/5/52/Alessandro_Volta.jpeg/220px-Alessandro_Volta.jpeg","https://en.wikipedia.org/wiki/Alessandro_Volta",
Gregor Mendel,1822,1884,Austria,https://upload.wikimedia.org/wikipedia/commons/thumb/b/ba/Gregor_Mendel_2.jpg/240px-Gregor_Mendel_2.jpg,https://en.wikipedia.org/wiki/Gregor_Mendel,
Dmitri Mendeleev,1834,1907,Russia,https://upload.wikimedia.org/wikipedia/commons/thumb/c/c8/DIMendeleevCab.jpg/220px-DIMendeleevCab.jpg,https://en.wikipedia.org/wiki/Dmitri_Mendeleev,
Marie Curie,1867,1934,France,https://upload.wikimedia.org/wikipedia/commons/thumb/7/7e/Marie_Curie_c1920.jpg/220px-Marie_Curie_c1920.jpg,https://en.wikipedia.org/wiki/Marie_Curie,
Srinivasa Ramanujan,1887,1920,India,https://upload.wikimedia.org/wikipedia/commons/thumb/c/c1/Srinivasa_Ramanujan_-_OPC_-_1.jpg/220px-Srinivasa_Ramanujan_-_OPC_-_1.jpg,https://en.wikipedia.org/wiki/Srinivasa_Ramanujan,
Spartacus,-111,-71,Greece,https://upload.wikimedia.org/wikipedia/commons/thumb/e/e9/Tod_des_Spartacus_by_Hermann_Vogel.jpg/220px-Tod_des_Spartacus_by_Hermann_Vogel.jpg,https://en.wikipedia.org/wiki/Spartacus,
First Boer War,1880,1881,South Africa,https://upload.wikimedia.org/wikipedia/commons/thumb/c/c2/Boers_1881.png/300px-Boers_1881.png,https://en.wikipedia.org/wiki/First_Boer_War,true
First Boer War,1880,1881,England,https://upload.wikimedia.org/wikipedia/commons/thumb/c/c2/Boers_1881.png/300px-Boers_1881.png,https://en.wikipedia.org/wiki/First_Boer_War,true
Second Boer War,1899,1902,South Africa,https://upload.wikimedia.org/wikipedia/commons/thumb/f/f0/Boers_at_Spion_Kop%2C_1900_-_Project_Gutenberg_eText_16462.jpg/300px-Boers_at_Spion_Kop%2C_1900_-_Project_Gutenberg_eText_16462.jpg,https://en.wikipedia.org/wiki/Second_Boer_War,true
Second Boer War,1899,1902,England,https://upload.wikimedia.org/wikipedia/commons/thumb/f/f0/Boers_at_Spion_Kop%2C_1900_-_Project_Gutenberg_eText_16462.jpg/300px-Boers_at_Spion_Kop%2C_1900_-_Project_Gutenberg_eText_16462.jpg,https://en.wikipedia.org/wiki/Second_Boer_War,true
First Opium War,1839,1842,China,https://upload.wikimedia.org/wikipedia/commons/thumb/8/89/Destroying_Chinese_war_junks%2C_by_E._Duncan_%281843%29.jpg/300px-Destroying_Chinese_war_junks%2C_by_E._Duncan_%281843%29.jpg,https://en.wikipedia.org/wiki/First_Opium_War,true
First Opium War,1839,1842,England,https://upload.wikimedia.org/wikipedia/commons/thumb/8/89/Destroying_Chinese_war_junks%2C_by_E._Duncan_%281843%29.jpg/300px-Destroying_Chinese_war_junks%2C_by_E._Duncan_%281843%29.jpg,https://en.wikipedia.org/wiki/First_Opium_War,true
Second Opium War,1856,1860,China,https://upload.wikimedia.org/wikipedia/commons/thumb/a/ae/La_bataille_de_Palikiao.jpg/300px-La_bataille_de_Palikiao.jpg,https://en.wikipedia.org/wiki/Second_Opium_War,true
Second Opium War,1856,1860,China,https://upload.wikimedia.org/wikipedia/commons/thumb/a/ae/La_bataille_de_Palikiao.jpg/300px-La_bataille_de_Palikiao.jpg,https://en.wikipedia.org/wiki/Second_Opium_War,true
Seven Years War,1756,1763,France,https://upload.wikimedia.org/wikipedia/commons/thumb/3/30/Seven_Years%27_War_Collage.jpg/300px-Seven_Years%27_War_Collage.jpg,https://en.wikipedia.org/wiki/Seven_Years%27_War,true
Seven Years War,1756,1763,England,https://upload.wikimedia.org/wikipedia/commons/thumb/3/30/Seven_Years%27_War_Collage.jpg/300px-Seven_Years%27_War_Collage.jpg,https://en.wikipedia.org/wiki/Seven_Years%27_War,true
Battle of Plassey,1757,1757,India,"https://upload.wikimedia.org/wikipedia/commons/thumb/4/4f/Clive.jpg/300px-Clive.jpg","https://en.wikipedia.org/wiki/Battle_of_Plassey",true
Battle of Buxar,1764,1764,India,,https://en.wikipedia.org/wiki/Battle_of_Buxar,true
First Anglo-Mysore War,1766,1769,India,"https://upload.wikimedia.org/wikipedia/commons/thumb/6/6d/Anglo-Mysore_War_1_and_2.png/300px-Anglo-Mysore_War_1_and_2.png","https://en.wikipedia.org/wiki/First_Anglo-Mysore_War",true
Second Anglo-Mysore War,1780,1784,India,https://upload.wikimedia.org/wikipedia/commons/thumb/5/55/SiegeOfCuddalore1783.jpg/300px-SiegeOfCuddalore1783.jpg,https://en.wikipedia.org/wiki/Second_Anglo-Mysore_War,true
Third Anglo-Mysore War,1790,1792,India,https://upload.wikimedia.org/wikipedia/commons/thumb/7/7f/Anglo-Mysore_War_3.png/300px-Anglo-Mysore_War_3.png,https://en.wikipedia.org/wiki/Third_Anglo-Mysore_War,true
Fourth Anglo-Mysore War,1798,1799,India,https://upload.wikimedia.org/wikipedia/commons/thumb/2/22/Anglo-Mysore_War_4.png/300px-Anglo-Mysore_War_4.png,https://en.wikipedia.org/wiki/Fourth_Anglo-Mysore_War,true
Louis XVI of France,1754,1793,France,https://upload.wikimedia.org/wikipedia/commons/thumb/c/ce/Antoine-Fran%C3%A7ois_Callet_-_Louis_XVI%2C_roi_de_France_et_de_Navarre_%281754-1793%29%2C_rev%C3%AAtu_du_grand_costume_royal_en_1779_-_Google_Art_Project.jpg/220px-Antoine-Fran%C3%A7ois_Callet_-_Louis_XVI%2C_roi_de_France_et_de_Navarre_%281754-1793%29%2C_rev%C3%AAtu_du_grand_costume_royal_en_1779_-_Google_Art_Project.jpg,https://en.wikipedia.org/wiki/Louis_XVI_of_France,
Marie Antoinette,1755,1793,France,https://upload.wikimedia.org/wikipedia/commons/thumb/4/4f/Marie_Antoinette_Adult.jpg/220px-Marie_Antoinette_Adult.jpg,https://en.wikipedia.org/wiki/Marie_Antoinette,
James Watt,1736,1819,England,"https://upload.wikimedia.org/wikipedia/commons/thumb/1/15/Watt_James_von_Breda.jpg/220px-Watt_James_von_Breda.jpg","https://en.wikipedia.org/wiki/James_Watt",
First Anglo-Maratha War,1775,1782,India,https://upload.wikimedia.org/wikipedia/commons/thumb/3/3f/Maratha_British_Treaty.JPG/220px-Maratha_British_Treaty.JPG,https://en.wikipedia.org/wiki/First_Anglo-Maratha_War,true
Second Anglo-Maratha War,1803,1805,India,https://upload.wikimedia.org/wikipedia/commons/thumb/a/ae/Battle_of_Assaye.jpeg/300px-Battle_of_Assaye.jpeg,https://en.wikipedia.org/wiki/Second_Anglo-Maratha_War,true
Third Anglo-Maratha War,1817,1818,India,https://upload.wikimedia.org/wikipedia/commons/thumb/f/fc/Indian_Camp_Scene.jpg/300px-Indian_Camp_Scene.jpg,https://en.wikipedia.org/wiki/Third_Anglo-Maratha_War,true
Sepoy Mutiny,1857,1858,India,https://upload.wikimedia.org/wikipedia/commons/thumb/5/5c/Indian_Rebellion_of_1857.jpg/220px-Indian_Rebellion_of_1857.jpg,https://en.wikipedia.org/wiki/Indian_Rebellion_of_1857,true
Bahadur Shah Zafar,1775,1862,India,https://upload.wikimedia.org/wikipedia/commons/thumb/d/da/Bahadur_Shah_II.jpg/220px-Bahadur_Shah_II.jpg,https://en.wikipedia.org/wiki/Bahadur_Shah_Zafar,
Wajid Ali Shah,1822,1887,India,https://upload.wikimedia.org/wikipedia/commons/2/23/Washah1.jpg,https://en.wikipedia.org/wiki/Wajid_Ali_Shah,
Begum Hazrat Mahal,1820,1879,India,https://upload.wikimedia.org/wikipedia/commons/thumb/6/64/Begum_hazrat_mahal.jpg/210px-Begum_hazrat_mahal.jpg,https://en.wikipedia.org/wiki/Begum_Hazrat_Mahal,
Nana Sahib,1824,1859,India,https://upload.wikimedia.org/wikipedia/commons/thumb/9/9b/Nana_Sahib%2C_watercolour_on_ivory%2C_c._1857.png/220px-Nana_Sahib%2C_watercolour_on_ivory%2C_c._1857.png,https://en.wikipedia.org/wiki/Nana_Sahib,
Balaji Baji Rao,1720,1761,India,"https://upload.wikimedia.org/wikipedia/commons/thumb/9/9e/Painting_at_Prince_of_Wales_museum.jpg/250px-Painting_at_Prince_of_Wales_museum.jpg","https://en.wikipedia.org/wiki/Balaji_Baji_Rao",
Great Bengal famine of 1770 - Chhiattorer monnontor,1769,1773,India,,https://en.wikipedia.org/wiki/Great_Bengal_famine_of_1770,true
First Anglo-Afghan War,1839,1842,Afghanistan,https://upload.wikimedia.org/wikipedia/commons/thumb/6/61/Britattack.jpg/300px-Britattack.jpg,https://en.wikipedia.org/wiki/First_Anglo-Afghan_War,true
Second Anglo-Afghan War,1878,1880,Afghanistan,https://upload.wikimedia.org/wikipedia/commons/thumb/2/29/Battle_in_Afghanistan.jpg/300px-Battle_in_Afghanistan.jpg,https://en.wikipedia.org/wiki/Second_Anglo-Afghan_War,true
Third Anglo-Afghan War,1919,1919,Afghanistan,,https://en.wikipedia.org/wiki/Third_Anglo-Afghan_War,true
First Anglo-Sikh War,1845,1846,India,https://upload.wikimedia.org/wikipedia/commons/thumb/d/d5/Punjab_map_%28topographic%29_with_cities.png/300px-Punjab_map_%28topographic%29_with_cities.png,https://en.wikipedia.org/wiki/First_Anglo-Sikh_War,true
Second Anglo-Sikh War,1848,1849,India,https://upload.wikimedia.org/wikipedia/commons/thumb/d/d5/Punjab_map_%28topographic%29_with_cities.png/300px-Punjab_map_%28topographic%29_with_cities.png,https://en.wikipedia.org/wiki/Second_Anglo-Sikh_War,true
Santhal rebellion,1855,1855,India,"https://upload.wikimedia.org/wikipedia/commons/thumb/2/2c/Attack_by_600_Santhals_upon_a_party_of_50_sepoys%2C_40th_regiment_native_infantry.jpg/350px-Attack_by_600_Santhals_upon_a_party_of_50_sepoys%2C_40th_regiment_native_infantry.jpg","https://en.wikipedia.org/wiki/Santhal_rebellion",true
American Civil War,1861,1865,USA,https://upload.wikimedia.org/wikipedia/commons/thumb/7/7b/US_Secession_map_1861.svg/250px-US_Secession_map_1861.svg.png,https://en.wikipedia.org/wiki/American_Civil_War,true
July Revolution,1830,1830,France,https://upload.wikimedia.org/wikipedia/commons/thumb/d/d5/Lar7_cogniet_001z.jpg/220px-Lar7_cogniet_001z.jpg,https://en.wikipedia.org/wiki/July_Revolution,true
Russian Revolution,1917,1917,Russia,https://upload.wikimedia.org/wikipedia/commons/thumb/4/46/Russian_Revolution_of_1917.jpg/300px-Russian_Revolution_of_1917.jpg,https://en.wikipedia.org/wiki/Russian_Revolution,true
Irish revolution,1911,1927,Ireland,https://upload.wikimedia.org/wikipedia/commons/thumb/7/7d/Birth_of_the_Irish_Republic.jpg/270px-Birth_of_the_Irish_Republic.jpg,https://en.wikipedia.org/wiki/Irish_revolutionary_period,true
French Revolution of 1848 - February revolution,1848,1848,France,https://upload.wikimedia.org/wikipedia/commons/thumb/8/83/Lar9_philippo_001z.jpg/240px-Lar9_philippo_001z.jpg,https://en.wikipedia.org/wiki/French_Revolution_of_1848,true
Russo-Japanese War,1904,1905,Russia,https://upload.wikimedia.org/wikipedia/commons/thumb/d/dd/RUSSOJAPANESEWARIMAGE.jpg/300px-RUSSOJAPANESEWARIMAGE.jpg,https://en.wikipedia.org/wiki/Russo-Japanese_War,true
